{"cameraMode":{"drawMode":0,"name":"Shaded","section":"Shading Mode"},"sceneLighting":false,"audioPlay":false,"sceneViewState":{"showFog":true,"showMaterialUpdate":false,"showSkybox":true,"showFlares":true,"showImageEffects":true,"showParticleSystems":true},"in2DMode":true,"pivot":{"x":42.04670715332031,"y":88.1745376586914,"z":-5.491355895996094},"rotation":{"x":-0.009563914500176907,"y":0.0077849640510976318,"z":-0.0010717668337747455,"w":-0.9999234080314636},"size":642.9776611328125,"orthographic":true}