{"cameraMode":{"drawMode":0,"name":"Shaded","section":"Shading Mode"},"sceneLighting":false,"audioPlay":false,"sceneViewState":{"showFog":true,"showMaterialUpdate":false,"showSkybox":true,"showFlares":true,"showImageEffects":true,"showParticleSystems":true},"in2DMode":false,"pivot":{"x":372.6000061035156,"y":1399.5999755859375,"z":0.0},"rotation":{"x":-0.39557674527168276,"y":0.021210091188549997,"z":-0.009138106368482113,"w":-0.918142557144165},"size":46.66904830932617,"orthographic":false}