{"cameraMode":{"drawMode":0,"name":"Shaded","section":"Shading Mode"},"sceneLighting":true,"audioPlay":false,"sceneViewState":{"showFog":true,"showMaterialUpdate":false,"showSkybox":true,"showFlares":true,"showImageEffects":true,"showParticleSystems":true},"in2DMode":true,"pivot":{"x":2.201321840286255,"y":1.6475863456726075,"z":958.4349975585938},"rotation":{"x":-0.009563914500176907,"y":0.0077849640510976318,"z":-0.0010717668337747455,"w":-0.9999234080314636},"size":7.027744293212891,"orthographic":true}