{"cameraMode":{"drawMode":0,"name":"Shaded","section":"Shading Mode"},"sceneLighting":true,"audioPlay":false,"sceneViewState":{"showFog":true,"showMaterialUpdate":false,"showSkybox":true,"showFlares":true,"showImageEffects":true,"showParticleSystems":true},"in2DMode":true,"pivot":{"x":1.2108536958694459,"y":2.1416516304016115,"z":-0.146124929189682},"rotation":{"x":-0.009563914500176907,"y":0.0077849640510976318,"z":-0.0010717668337747455,"w":-0.9999234080314636},"size":7.172557353973389,"orthographic":true}